s_m,x_m,y_m,psi_rad,kappa_radpm,vx_mps,ax_mps2
0.0000000, 3833.2038499, 73770.7637002, -1.0423327, 0.0017863, 5.0000000, 0.0000000
0.5003158, 3833.4344588, 73770.3197013, -1.0908630, 0.0017863, 5.0000000, 0.0000000
1.0006316, 3833.6658611, 73769.8761150, -1.0899693, 0.0008932, 5.0000000, 0.0000000
1.5009474, 3833.8972635, 73769.4325286, -1.0899693, -0.0000000, 5.0000000, 0.0000000
2.0012631, 3834.1286658, 73768.9889423, -1.0899693, 0.0000000, 5.0000000, 0.0000000
2.5015789, 3834.3600681, 73768.5453560, -1.0899693, 0.0000000, 5.0000000, 0.0000000
3.0018947, 3834.5914705, 73768.1017696, -1.0899693, -0.0001767, 5.0000000, 0.0000000
3.5022105, 3834.8228728, 73767.6581833, -1.0901461, -0.0004494, 5.0000000, 0.0000000
4.0025263, 3835.0541183, 73767.2145152, -1.0904190, -0.0003689, 5.0000000, 0.0000000
4.5028421, 3835.2852785, 73766.7708026, -1.0905152, -0.0000961, 5.0000000, 0.0000000
5.0031578, 3835.5164386, 73766.3270900, -1.0905152, 0.0000000, 5.0000000, 0.0000000
5.5034736, 3835.7475988, 73765.8833774, -1.0905152, 0.0000000, 5.0000000, 0.0000000
6.0037894, 3835.9787589, 73765.4396648, -1.0905152, 0.0000151, 5.0000000, 0.0000000
6.5041052, 3836.2099191, 73764.9959522, -1.0905001, 0.0003122, 5.0000000, 0.0000000
7.0044210, 3836.4410927, 73764.5522466, -1.0902028, 0.0005790, 5.0000000, 0.0000000
7.5047368, 3836.6725166, 73764.1086715, -1.0899206, 0.0002820, 5.0000000, 0.0000000
8.0050526, 3836.9039405, 73763.6650965, -1.0899206, 0.0000000, 5.0000000, 0.0000000
8.5053683, 3837.1353645, 73763.2215214, -1.0899206, -0.0000187, 5.0000000, 0.0000000
9.0056841, 3837.3667884, 73762.7779463, -1.0899394, -0.0002041, 5.0000000, 0.0000000
9.5059999, 3837.5981957, 73762.3343626, -1.0901249, -0.0003521, 5.0000000, 0.0000000
10.0063157, 3837.8294550, 73761.8907016, -1.0902917, -0.0001667, 5.0000000, 0.0000000
10.5066315, 3838.0607144, 73761.4470407, -1.0902917, -0.0000000, 5.0000000, 0.0000000
11.0069473, 3838.2919737, 73761.0033798, -1.0902917, 0.0000000, 5.0000000, 0.0000000
11.5072630, 3838.5232330, 73760.5597189, -1.0902917, 0.0000000, 5.0000000, 0.0000000
12.0075788, 3838.7544923, 73760.1160580, -1.0902917, -0.0002939, 5.0000000, 0.0000000
12.5078946, 3838.9857516, 73759.6723971, -1.0905858, -0.0000278, 5.0000000, 0.0000000
13.0082104, 3839.2167499, 73759.2286002, -1.0903195, 0.0009668, 5.0000000, 0.0000000
13.5085262, 3839.4482455, 73758.7850627, -1.0896185, 0.0008410, 5.0000000, 0.0000000
14.0088420, 3839.6798658, 73758.3415901, -1.0894779, 0.0001405, 5.0000000, 0.0000000
14.5091577, 3839.9114860, 73757.8981175, -1.0894779, 0.0000000, 5.0000000, 0.0000000
15.0094735, 3840.1431063, 73757.4546450, -1.0894779, -0.0005135, 5.0000000, 0.0000000
15.5097893, 3840.3747266, 73757.0111724, -1.0899918, -0.0011773, 5.0000000, 0.0000000
16.0101051, 3840.6058910, 73756.5674621, -1.0906560, -0.0008140, 5.0000000, 0.0000000
16.5104209, 3840.8369220, 73756.1236822, -1.0908063, -0.0001502, 5.0000000, 0.0000000
17.0107367, 3841.0679530, 73755.6799024, -1.0908063, -0.0000000, 5.0000000, 0.0000000
17.5110525, 3841.2989840, 73755.2361225, -1.0908063, -0.0000000, 5.0000000, 0.0000000
18.0113682, 3841.5300150, 73754.7923426, -1.0908063, 0.0000399, 5.0000000, 0.0000000
18.5116840, 3841.7610460, 73754.3485628, -1.0907664, 0.0003332, 5.0000000, 0.0000000
19.0119998, 3841.9921124, 73753.9048014, -1.0904728, 0.0005468, 5.0000000, 0.0000000
19.5123156, 3842.2234039, 73753.4611572, -1.0902193, 0.0002534, 5.0000000, 0.0000000
20.0126314, 3842.4546953, 73753.0175131, -1.0902193, 0.0000000, 5.0000000, 0.0000000
20.5129472, 3842.6859868, 73752.5738689, -1.0902193, -0.0000232, 5.0000000, 0.0000000
21.0132629, 3842.9172783, 73752.1302247, -1.0902425, -0.0001431, 5.0000000, 0.0000000
21.5135787, 3843.1485491, 73751.6865698, -1.0903624, -0.0002165, 5.0000000, 0.0000000
22.0138945, 3843.3797341, 73751.2428702, -1.0904591, -0.0000966, 5.0000000, 0.0000000
22.5142103, 3843.6109192, 73750.7991706, -1.0904591, 0.0000000, 5.0000000, 0.0000000
23.0145261, 3843.8421042, 73750.3554709, -1.0904591, 0.0000000, 5.0000000, 0.0000000
23.5148419, 3844.0732892, 73749.9117713, -1.0904591, 0.0000000, 5.0000000, 0.0000000
24.0151577, 3844.3044743, 73749.4680717, -1.0904591, 0.0001142, 5.0000000, 0.0000000
24.5154734, 3844.5356593, 73749.0243720, -1.0903449, 0.0003200, 5.0000000, 0.0000000
25.0157892, 3844.7669457, 73748.5807253, -1.0901390, 0.0002974, 5.0000000, 0.0000000
25.5161050, 3844.9983135, 73748.1371209, -1.0900473, 0.0000916, 5.0000000, 0.0000000
26.0164208, 3845.2296812, 73747.6935165, -1.0900473, 0.0000000, 5.0000000, 0.0000000
26.5167366, 3845.4610490, 73747.2499121, -1.0900473, -0.0000000, 5.0000000, 0.0000000
27.0170524, 3845.6924167, 73746.8063077, -1.0900473, -0.0000000, 5.0000000, 0.0000000
27.5173681, 3845.9237844, 73746.3627033, -1.0900473, -0.0001166, 5.0000000, 0.0000000
28.0176839, 3846.1551522, 73745.9190989, -1.0901640, -0.0132052, 5.0000000, 0.0000000
28.5179997, 3846.3864161, 73745.4754412, -1.1032630, -0.0313288, 5.0000000, 0.0000000
29.0183155, 3846.6060593, 73745.0259776, -1.1215065, -0.0640859, 5.0000000, 0.0000000
29.5186313, 3846.8209853, 73744.5741809, -1.1674731, -0.1114454, 5.0000000, 0.0000000
30.0189471, 3846.9981593, 73744.1070996, -1.2328030, -0.1265155, 5.0000000, 0.0000000
30.5192629, 3847.1524364, 73743.6311674, -1.2940495, -0.1135342, 5.0000000, 0.0000000
31.0195786, 3847.2712848, 73743.1455099, -1.3463375, -0.1096590, 5.0000000, 0.0000000
31.5198944, 3847.3750299, 73742.6561883, -1.4038193, -0.1175002, 5.0000000, 0.0000000
32.0202102, 3847.4374253, 73742.1597842, -1.4638125, -0.1099343, 5.0000000, 0.0000000
32.5205260, 3847.4818131, 73741.6618745, -1.5138553, -0.1092551, 5.0000000, 0.0000000
33.0208418, 3847.4943176, 73741.1617200, -1.5730625, -0.1075649, 5.0000000, 0.0000000
33.5211576, 3847.4795473, 73740.6620464, -1.6214568, -0.1099327, 5.0000000, 0.0000000
34.0214733, 3847.4436797, 73740.1630207, -1.6830839, -0.1167614, 5.0000000, 0.0000000
34.5217891, 3847.3675437, 73739.6687708, -1.7381820, -0.1090634, 5.0000000, 0.0000000
35.0221049, 3847.2770627, 73739.1769271, -1.7922609, -0.1148784, 5.0000000, 0.0000000
35.5224207, 3847.1479675, 73738.6935599, -1.8530397, -0.1118514, 5.0000000, 0.0000000
36.0227365, 3846.9985768, 73738.2165806, -1.9041903, -0.1107281, 5.0000000, 0.0000000
36.5230523, 3846.8208161, 73737.7489134, -1.9637741, -0.1079892, 5.0000000, 0.0000000
37.0233680, 3846.6157139, 73737.2929959, -2.0122047, -0.1094413, 5.0000000, 0.0000000
37.5236838, 3846.3935737, 73736.8447010, -2.0733207, -0.1184353, 5.0000000, 0.0000000
38.0239996, 3846.1342611, 73736.4169659, -2.1306077, -0.1086966, 5.0000000, 0.0000000
38.5243154, 3845.8624943, 73735.9972610, -2.1821337, -0.1118811, 5.0000000, 0.0000000
39.0246312, 3845.5605017, 73735.5983754, -2.2424723, -0.1115397, 5.0000000, 0.0000000
39.5249470, 3845.2402843, 73735.2145929, -2.2937344, -0.0854330, 5.0000000, 0.0000000
40.0252628, 3844.8990705, 73734.8486910, -2.3278800, -0.0681084, 5.0000000, 0.0000000
40.5255785, 3844.5530666, 73734.4873136, -2.3619825, -0.1134287, 5.0000000, 0.0000000
41.0258943, 3844.1886402, 73734.1464373, -2.4412966, -0.1317622, 5.0000000, 0.0000000
41.5262101, 3843.7899600, 73733.8441715, -2.4933737, -0.0632167, 5.0000000, 0.0000000
42.0265259, 3843.3910174, 73733.5423196, -2.5047096, -0.0454644, 5.0000000, 0.0000000
42.5268417, 3842.9855862, 73733.2491680, -2.5389047, -0.1012429, 5.0000000, 0.0000000
43.0271575, 3842.5676531, 73732.9757708, -2.6059641, -0.1170852, 5.0000000, 0.0000000
43.5274732, 3842.1267071, 73732.7394208, -2.6557772, -0.0551329, 5.0000000, 0.0000000
44.0277890, 3841.6828371, 73732.5085658, -2.6612412, -0.0047042, 5.0000000, 0.0000000
44.5281048, 3841.2393158, 73732.2770388, -2.6604846, 0.0007561, 5.0000000, 0.0000000
45.0284206, 3840.7957945, 73732.0455118, -2.6604846, -0.0000000, 5.0000000, 0.0000000
45.5287364, 3840.3522732, 73731.8139848, -2.6604846, 0.0000070, 5.0000000, 0.0000000
46.0290522, 3839.9087519, 73731.5824578, -2.6604777, 0.0000181, 5.0000000, 0.0000000
46.5293680, 3839.4652338, 73731.3509247, -2.6604665, 0.0000152, 5.0000000, 0.0000000
47.0296837, 3839.0217177, 73731.1193878, -2.6604624, 0.0000041, 5.0000000, 0.0000000
47.5299995, 3838.5782015, 73730.8878510, -2.6604624, 0.0000000, 5.0000000, 0.0000000
48.0303153, 3838.1346854, 73730.6563142, -2.6604624, -0.0000023, 5.0000000, 0.0000000
48.5306311, 3837.6911692, 73730.4247773, -2.6604647, -0.0000223, 5.0000000, 0.0000000
49.0309469, 3837.2476520, 73730.1932425, -2.6604847, -0.0000377, 5.0000000, 0.0000000
49.5312627, 3836.8041266, 73729.9617234, -2.6605024, -0.0000177, 5.0000000, 0.0000000
50.0315784, 3836.3606012, 73729.7302043, -2.6605024, 0.0000000, 5.0000000, 0.0000000
50.5318942, 3835.9170758, 73729.4986852, -2.6605024, 0.0000008, 5.0000000, 0.0000000
51.0322100, 3835.4735504, 73729.2671661, -2.6605016, 0.0000129, 5.0000000, 0.0000000
51.5325258, 3835.0300253, 73729.0356463, -2.6604895, 0.0000233, 5.0000000, 0.0000000
52.0328416, 3834.5865055, 73728.8041165, -2.6604783, 0.0000112, 5.0000000, 0.0000000
52.5331574, 3834.1429857, 73728.5725866, -2.6604783, 0.0000000, 5.0000000, 0.0000000
53.0334732, 3833.6994659, 73728.3410568, -2.6604783, -0.0000000, 5.0000000, 0.0000000
53.5337889, 3833.2559460, 73728.1095270, -2.6604783, -0.0000798, 5.0000000, 0.0000000
54.0341047, 3832.8124262, 73727.8779972, -2.6605582, -0.0002240, 5.0000000, 0.0000000
54.5344205, 3832.3688694, 73727.6465383, -2.6607024, -0.0002085, 5.0000000, 0.0000000
55.0347363, 3831.9252828, 73727.4151364, -2.6607668, -0.0000643, 5.0000000, 0.0000000
55.5350521, 3831.4816962, 73727.1837346, -2.6607668, -0.0000000, 5.0000000, 0.0000000
56.0353679, 3831.0381096, 73726.9523328, -2.6607668, 0.0001535, 5.0000000, 0.0000000
56.5356836, 3830.5945230, 73726.7209309, -2.6606132, 0.0004104, 5.0000000, 0.0000000
57.0359994, 3830.1510075, 73726.4893928, -2.6603561, 0.0003604, 5.0000000, 0.0000000
57.5363152, 3829.7075400, 73726.2577629, -2.6602526, 0.0001035, 5.0000000, 0.0000000
58.0366310, 3829.2640724, 73726.0261330, -2.6602526, 0.0000000, 5.0000000, 0.0000000
58.5369468, 3828.8206049, 73725.7945031, -2.6602526, -0.0000541, 5.0000000, 0.0000000
59.0372626, 3828.3771373, 73725.5628732, -2.6603067, -0.0006894, 5.0000000, 0.0000000
59.5375783, 3827.9336447, 73725.3312913, -2.6609424, -0.0012167, 5.0000000, 0.0000000
60.0378941, 3827.4898830, 73725.1002255, -2.6615241, -0.0000217, 5.0000000, 0.0000000
60.5382099, 3827.0461213, 73724.8691597, -2.6609642, 0.0013805, 5.0000000, 0.0000000
61.0385257, 3826.6026187, 73724.6375971, -2.6601428, 0.0010731, 5.0000000, 0.0000000
61.5388415, 3826.1592372, 73724.4058025, -2.6598905, -0.0000382, 5.0000000, 0.0000000
62.0391573, 3825.7158514, 73724.1740161, -2.6601809, -0.0005714, 5.0000000, 0.0000000
62.5394731, 3825.2723353, 73723.9424792, -2.6604622, -0.0002811, 5.0000000, 0.0000000
63.0397888, 3824.8288192, 73723.7109423, -2.6604622, 0.0000000, 5.0000000, 0.0000000
63.5401046, 3824.3853031, 73723.4794054, -2.6604622, 0.0000000, 5.0000000, 0.0000000
64.0404204, 3823.9417870, 73723.2478685, -2.6604622, -0.0001571, 5.0000000, 0.0000000
64.5407362, 3823.4982709, 73723.0163316, -2.6606194, -0.0004609, 5.0000000, 0.0000000
65.0410520, 3823.0546820, 73722.7849341, -2.6609234, -0.0004504, 5.0000000, 0.0000000
65.5413678, 3822.6110252, 73722.5536668, -2.6610701, -0.0001466, 5.0000000, 0.0000000
66.0416835, 3822.1673685, 73722.3223996, -2.6610701, -0.0000000, 5.0000000, 0.0000000
66.5419993, 3821.7237117, 73722.0911323, -2.6610701, -0.0001599, 5.0000000, 0.0000000
67.0423151, 3821.2800549, 73721.8598650, -2.6612301, 0.0001546, 5.0000000, 0.0000000
67.5426309, 3820.8363242, 73721.6287398, -2.6609155, 0.0008817, 5.0000000, 0.0000000
68.0429467, 3820.3928131, 73721.3971934, -2.6603478, 0.0006602, 5.0000000, 0.0000000
68.5432625, 3819.9493450, 73721.1655645, -2.6602548, 0.0000930, 5.0000000, 0.0000000
69.0435783, 3819.5058769, 73720.9339356, -2.6602548, -0.0000000, 5.0000000, 0.0000000
69.5438940, 3819.0624088, 73720.7023067, -2.6602548, 0.0000000, 5.0000000, 0.0000000
70.0442098, 3818.6189408, 73720.4706778, -2.6602548, -0.0000809, 5.0000000, 0.0000000
70.5445256, 3818.1754727, 73720.2390489, -2.6603357, -0.0002565, 5.0000000, 0.0000000
71.0448414, 3817.7319671, 73720.0074917, -2.6605115, -0.0002703, 5.0000000, 0.0000000
71.5451572, 3817.2884177, 73719.7760187, -2.6606062, -0.0000947, 5.0000000, 0.0000000
72.0454730, 3816.8448682, 73719.5445456, -2.6606062, -0.0000000, 5.0000000, 0.0000000
72.5457887, 3816.4013188, 73719.3130726, -2.6606062, -0.0000454, 5.0000000, 0.0000000
73.0461045, 3815.9577693, 73719.0815995, -2.6606517, -0.0001470, 5.0000000, 0.0000000
73.5464203, 3815.5141989, 73718.8501668, -2.6607534, -0.0001579, 5.0000000, 0.0000000
74.0467361, 3815.0706023, 73718.6187840, -2.6608096, -0.0000562, 5.0000000, 0.0000000
74.5470519, 3814.6270058, 73718.3874012, -2.6608096, -0.0000000, 5.0000000, 0.0000000
75.0473677, 3814.1834093, 73718.1560183, -2.6608096, 0.0000081, 5.0000000, 0.0000000
75.5476835, 3813.7398128, 73717.9246355, -2.6608016, 0.0001612, 5.0000000, 0.0000000
76.0479992, 3813.2962200, 73717.6932455, -2.6606483, 0.0002982, 5.0000000, 0.0000000
76.5483150, 3812.8526944, 73717.4617268, -2.6605032, 0.0001451, 5.0000000, 0.0000000
77.0486308, 3812.4091688, 73717.2302080, -2.6605032, 0.0000000, 5.0000000, 0.0000000
77.5489466, 3811.9656432, 73716.9986892, -2.6605032, 0.0000000, 5.0000000, 0.0000000
78.0492624, 3811.5221176, 73716.7671705, -2.6605032, 0.0000000, 5.0000000, 0.0000000
78.5495782, 3811.0785920, 73716.5356517, -2.6605032, -0.0009050, 5.0000000, 0.0000000
79.0498939, 3810.6350664, 73716.3041330, -2.6614087, -0.0010259, 5.0000000, 0.0000000
79.5502097, 3810.1911227, 73716.0734181, -2.6615298, 0.0007293, 5.0000000, 0.0000000
80.0505255, 3809.7475411, 73715.8420067, -2.6606790, 0.0009164, 5.0000000, 0.0000000
80.5508413, 3809.3039902, 73715.6105366, -2.6606128, 0.0000662, 5.0000000, 0.0000000
81.0511571, 3808.8604392, 73715.3790665, -2.6606128, 0.0000159, 5.0000000, 0.0000000
81.5514729, 3808.4168882, 73715.1475963, -2.6605969, 0.0000635, 5.0000000, 0.0000000
82.0517886, 3807.9733446, 73714.9161121, -2.6605493, 0.0000792, 5.0000000, 0.0000000
82.5521044, 3807.5298157, 73714.6845997, -2.6605177, 0.0000316, 5.0000000, 0.0000000
83.0524202, 3807.0862867, 73714.4530874, -2.6605177, -0.0000000, 5.0000000, 0.0000000
83.5527360, 3806.6427578, 73714.2215751, -2.6605177, -0.0000000, 5.0000000, 0.0000000
84.0530518, 3806.1992289, 73713.9900627, -2.6605177, -0.0000203, 5.0000000, 0.0000000
84.5533676, 3805.7556999, 73713.7585504, -2.6605379, -0.0000706, 5.0000000, 0.0000000
85.0536834, 3805.3121616, 73713.5270560, -2.6605883, -0.0000805, 5.0000000, 0.0000000
85.5539991, 3804.8686093, 73713.2955884, -2.6606185, -0.0000301, 5.0000000, 0.0000000
86.0543149, 3804.4250570, 73713.0641208, -2.6606185, 0.0000000, 5.0000000, 0.0000000
86.5546307, 3803.9815047, 73712.8326532, -2.6606185, 0.0000657, 5.0000000, 0.0000000
87.0549465, 3803.5379525, 73712.6011856, -2.6605527, 0.0002170, 5.0000000, 0.0000000
87.5552623, 3803.0944306, 73712.3696596, -2.6604013, 0.0002370, 5.0000000, 0.0000000
88.0555781, 3802.6509485, 73712.1380577, -2.6603156, 0.0000856, 5.0000000, 0.0000000
88.5558938, 3802.2074663, 73711.9064557, -2.6603156, -0.0000000, 5.0000000, 0.0000000
89.0562096, 3801.7639842, 73711.6748538, -2.6603156, 0.0000000, 5.0000000, 0.0000000
89.5565254, 3801.3205020, 73711.4432518, -2.6603156, -0.0001552, 5.0000000, 0.0000000
90.0568412, 3800.8770198, 73711.2116499, -2.6604709, -0.0004629, 5.0000000, 0.0000000
90.5571570, 3800.4334658, 73710.9801857, -2.6607788, -0.0004604, 5.0000000, 0.0000000
91.0574728, 3799.9898411, 73710.7488569, -2.6609316, -0.0001526, 5.0000000, 0.0000000
91.5577886, 3799.5462164, 73710.5175282, -2.6609316, 0.0000000, 5.0000000, 0.0000000
92.0581043, 3799.1025916, 73710.2861995, -2.6609316, 0.0000838, 5.0000000, 0.0000000
92.5584201, 3798.6589669, 73710.0548707, -2.6608477, 0.0002792, 5.0000000, 0.0000000
93.0587359, 3798.2153810, 73709.8234676, -2.6606522, 0.0003071, 5.0000000, 0.0000000
93.5590517, 3797.7718468, 73709.5919654, -2.6605405, 0.0001117, 5.0000000, 0.0000000
94.0593675, 3797.3283125, 73709.3604632, -2.6605405, 0.0000000, 5.0000000, 0.0000000
94.5596833, 3796.8847783, 73709.1289610, -2.6605405, 0.0000000, 5.0000000, 0.0000000
95.0599990, 3796.4412441, 73708.8974588, -2.6605405, -0.0000362, 5.0000000, 0.0000000
95.5603148, 3795.9977099, 73708.6659565, -2.6605767, -0.0001091, 5.0000000, 0.0000000
96.0606306, 3795.5541589, 73708.4344865, -2.6606497, -0.0001096, 5.0000000, 0.0000000
96.5609464, 3795.1105909, 73708.2030490, -2.6606864, -0.0000367, 5.0000000, 0.0000000
97.0612622, 3794.6670229, 73707.9716115, -2.6606864, 0.0000000, 5.0000000, 0.0000000
97.5615780, 3794.2234549, 73707.7401740, -2.6606864, 0.0006896, 5.0000000, 0.0000000
98.0618938, 3793.7798869, 73707.5087365, -2.6599964, -0.0299242, 5.0000000, 0.0000000
98.5622095, 3793.3366393, 73707.2766873, -2.6906534, -0.0624413, 5.0000000, 0.0000000
99.0625253, 3792.8798451, 73707.0729237, -2.7224417, -0.0856558, 5.0000000, 0.0000000
99.5628411, 3792.4235688, 73706.8698646, -2.7763634, -0.1207348, 5.0000000, 0.0000000
100.0631569, 3791.9473824, 73706.7163641, -2.8428329, -0.0894450, 5.0000000, 0.0000000
100.5634727, 3791.4674034, 73706.5753869, -2.8660470, -0.0390331, 5.0000000, 0.0000000
101.0637885, 3790.9846328, 73706.4441584, -2.8818866, -0.0693025, 5.0000000, 0.0000000
101.5641042, 3790.5003700, 73706.3184395, -2.9354781, -0.1143109, 5.0000000, 0.0000000
102.0644200, 3790.0063217, 73706.2396094, -2.9960952, -0.1083903, 5.0000000, 0.0000000
102.5647358, 3789.5107467, 73706.1734271, -3.0440136, -0.1071552, 5.0000000, 0.0000000
103.0650516, 3789.0114080, 73706.1422173, -3.1032335, -0.1089404, 5.0000000, 0.0000000
103.5653674, 3788.5116532, 73706.1350839, 3.1301834, -0.1082531, 5.0000000, 0.0000000
104.0656832, 3788.0116827, 73706.1536239, 3.0716612, -0.1071615, 5.0000000, 0.0000000
104.5659989, 3787.5144472, 73706.2049339, 3.0230355, -0.1078096, 5.0000000, 0.0000000
105.0663147, 3787.0186364, 73706.2719115, 2.9637382, -0.1157287, 5.0000000, 0.0000000
105.5666305, 3786.5306885, 73706.3817683, 2.9073627, -0.1078933, 5.0000000, 0.0000000
106.0669463, 3786.0458254, 73706.5040336, 2.8557187, -0.1104916, 5.0000000, 0.0000000
106.5672621, 3785.5716554, 73706.6636519, 2.7969044, -0.1079090, 5.0000000, 0.0000000
107.0675779, 3785.1047105, 73706.8419132, 2.7477331, -0.1082929, 5.0000000, 0.0000000
107.5678937, 3784.6484945, 73707.0472933, 2.6886000, -0.1085205, 5.0000000, 0.0000000
108.0682094, 3784.2058434, 73707.2794380, 2.6392046, -0.1088746, 5.0000000, 0.0000000
108.5685252, 3783.7720979, 73707.5287920, 2.5796385, -0.1117486, 5.0000000, 0.0000000
109.0688410, 3783.3599987, 73707.8120454, 2.5274995, -0.1063834, 5.0000000, 0.0000000
109.5691568, 3782.9546907, 73708.1050878, 2.4731292, -0.1144776, 5.0000000, 0.0000000
110.0694726, 3782.5755673, 73708.4315551, 2.4130672, -0.1100848, 5.0000000, 0.0000000
110.5697884, 3782.2085277, 73708.7708634, 2.3629409, -0.1089592, 5.0000000, 0.0000000
111.0701041, 3781.8639658, 73709.1336192, 2.3041203, -0.1065121, 5.0000000, 0.0000000
111.5704199, 3781.5393283, 73709.5136576, 2.2563966, -0.0906462, 5.0000000, 0.0000000
112.0707357, 3781.2308878, 73709.9075853, 2.2134600, -0.0887347, 5.0000000, 0.0000000
112.5710515, 3780.9398553, 73710.3143511, 2.1675922, -0.0897412, 5.0000000, 0.0000000
113.0713673, 3780.6688192, 73710.7348340, 2.1236931, -0.0900508, 5.0000000, 0.0000000
113.5716831, 3780.4144974, 73711.1656872, 2.0774596, -0.0728341, 5.0000000, 0.0000000
114.0719989, 3780.1834229, 73711.6094438, 2.0508338, -0.0266476, 5.0000000, 0.0000000
114.5723146, 3779.9523936, 73712.0532245, 2.0507826, -0.0000512, 5.0000000, 0.0000000
115.0726304, 3779.7213643, 73712.4970053, 2.0507826, -0.0000000, 5.0000000, 0.0000000
115.5729462, 3779.4903350, 73712.9407860, 2.0507826, 0.0000000, 5.0000000, 0.0000000
116.0732620, 3779.2593056, 73713.3845667, 2.0507826, -0.0002492, 5.0000000, 0.0000000
116.5735778, 3779.0282763, 73713.8283475, 2.0505333, -0.0005415, 5.0000000, 0.0000000
117.0738936, 3778.7974683, 73714.2722433, 2.0502407, -0.0003355, 5.0000000, 0.0000000
117.5742093, 3778.5666987, 73714.7161591, 2.0501975, -0.0000432, 5.0000000, 0.0000000
118.0745251, 3778.3359290, 73715.1600750, 2.0501975, -0.0000000, 5.0000000, 0.0000000
118.5748409, 3778.1051594, 73715.6039908, 2.0501975, -0.0000000, 5.0000000, 0.0000000
119.0751567, 3777.8743898, 73716.0479066, 2.0501975, 0.0000172, 5.0000000, 0.0000000
119.5754725, 3777.6436201, 73716.4918224, 2.0502148, 0.0000876, 5.0000000, 0.0000000
120.0757883, 3777.4128352, 73716.9357303, 2.0502852, 0.0001236, 5.0000000, 0.0000000
120.5761041, 3777.1820030, 73717.3796136, 2.0503384, 0.0000532, 5.0000000, 0.0000000
121.0764198, 3776.9511709, 73717.8234969, 2.0503384, 0.0000000, 5.0000000, 0.0000000
121.5767356, 3776.7203387, 73718.2673802, 2.0503384, 0.0000000, 5.0000000, 0.0000000
122.0770514, 3776.4895065, 73718.7112635, 2.0503384, 0.0001956, 5.0000000, 0.0000000
122.5773672, 3776.2586743, 73719.1551469, 2.0505342, 0.0004011, 5.0000000, 0.0000000
123.0776830, 3776.0276684, 73719.5989397, 2.0507397, 0.0002152, 5.0000000, 0.0000000
123.5779988, 3775.7966537, 73720.0427281, 2.0507495, 0.0000098, 5.0000000, 0.0000000
124.0783145, 3775.5656391, 73720.4865165, 2.0507495, -0.0000000, 5.0000000, 0.0000000
124.5786303, 3775.3346245, 73720.9303049, 2.0507495, 0.0000000, 5.0000000, 0.0000000
125.0789461, 3775.1036099, 73721.3740933, 2.0507495, 0.0000049, 5.0000000, 0.0000000
125.5792619, 3774.8725952, 73721.8178816, 2.0507544, 0.0000190, 5.0000000, 0.0000000
126.0795777, 3774.6415763, 73722.2616678, 2.0507685, 0.0000233, 5.0000000, 0.0000000
126.5798935, 3774.4105491, 73722.7054496, 2.0507777, 0.0000092, 5.0000000, 0.0000000
127.0802092, 3774.1795220, 73723.1492315, 2.0507777, -0.0016876, 5.0000000, 0.0000000
127.5805250, 3773.9484949, 73723.5930134, 2.0490890, -0.0017226, 5.0000000, 0.0000000
128.0808408, 3773.7189685, 73724.0375717, 2.0490540, 0.0016176, 5.0000000, 0.0000000
128.5811566, 3773.4879725, 73724.4813697, 2.0507076, 0.0016526, 5.0000000, 0.0000000
129.0814724, 3773.2569765, 73724.9251678, 2.0507076, -0.0000000, 5.0000000, 0.0000000
129.5817882, 3773.0259804, 73725.3689658, 2.0507076, 0.0000000, 5.0000000, 0.0000000
130.0821040, 3772.7949844, 73725.8127639, 2.0507076, -0.0000179, 5.0000000, 0.0000000
130.5824197, 3772.5639883, 73726.2565619, 2.0506897, -0.0000937, 5.0000000, 0.0000000
131.0827355, 3772.3330082, 73726.7003683, 2.0506139, -0.0001336, 5.0000000, 0.0000000
131.5830513, 3772.1020795, 73727.1442013, 2.0505560, -0.0000578, 5.0000000, 0.0000000
132.0833671, 3771.8711507, 73727.5880344, 2.0505560, -0.0000000, 5.0000000, 0.0000000
132.5836829, 3771.6402219, 73728.0318675, 2.0505560, -0.0000000, 5.0000000, 0.0000000
133.0839987, 3771.4092932, 73728.4757005, 2.0505560, 0.0000234, 5.0000000, 0.0000000
133.5843144, 3771.1783644, 73728.9195336, 2.0505794, 0.0000991, 5.0000000, 0.0000000
134.0846302, 3770.9474149, 73729.3633559, 2.0506551, 0.0001280, 5.0000000, 0.0000000
134.5849460, 3770.7164189, 73729.8071540, 2.0507075, 0.0000523, 5.0000000, 0.0000000
135.0852618, 3770.4854229, 73730.2509520, 2.0507075, -0.0000000, 5.0000000, 0.0000000
135.5855776, 3770.2544269, 73730.6947501, 2.0507075, -0.0000000, 5.0000000, 0.0000000
136.0858934, 3770.0234309, 73731.1385482, 2.0507075, -0.0001254, 5.0000000, 0.0000000
136.5862092, 3769.7924349, 73731.5823463, 2.0505820, -0.0004888, 5.0000000, 0.0000000
137.0865249, 3769.5615503, 73732.0262023, 2.0502184, -0.0006014, 5.0000000, 0.0000000
137.5868407, 3769.3308771, 73732.4701682, 2.0499802, -0.0002380, 5.0000000, 0.0000000
138.0871565, 3769.1002040, 73732.9141342, 2.0499802, -0.0000000, 5.0000000, 0.0000000
138.5874723, 3768.8695308, 73733.3581001, 2.0499802, 0.0000000, 5.0000000, 0.0000000
139.0877881, 3768.6388576, 73733.8020661, 2.0499802, 0.0001812, 5.0000000, 0.0000000
139.5881039, 3768.4081844, 73734.2460321, 2.0501616, 0.0004409, 5.0000000, 0.0000000
140.0884196, 3768.1773503, 73734.6899143, 2.0504214, 0.0006432, 5.0000000, 0.0000000
140.5887354, 3767.9464464, 73735.1337603, 2.0508052, 0.0011655, 5.0000000, 0.0000000
141.0890512, 3767.7152716, 73735.5774652, 2.0515876, 0.0077566, 5.0000000, 0.0000000
141.5893670, 3767.4836735, 73736.0209493, 2.0585697, 0.1035945, 5.0000000, 0.0000000
142.0896828, 3767.2465160, 73736.4610237, 2.1557789, 0.1895521, 5.0000000, 0.0000000
142.5899986, 3766.9337980, 73736.8511844, 2.2468230, 0.1488922, 5.0000000, 0.0000000
143.0903143, 3766.6209847, 73737.2408802, 2.3052271, 0.1484206, 5.0000000, 0.0000000
143.5906301, 3766.2647403, 73737.5921705, 2.3949498, 0.1506611, 5.0000000, 0.0000000
144.0909459, 3765.8872334, 73737.9198535, 2.4561477, 0.1238201, 5.0000000, 0.0000000
144.5912617, 3765.4911598, 73738.2247326, 2.5187147, 0.1354683, 5.0000000, 0.0000000
145.0915775, 3765.0753615, 73738.5029908, 2.5916831, 0.1406059, 5.0000000, 0.0000000
145.5918933, 3764.6389037, 73738.7471492, 2.6594034, 0.1247432, 5.0000000, 0.0000000
146.0922091, 3764.1899126, 73738.9664318, 2.7164151, 0.1297448, 5.0000000, 0.0000000
146.5925248, 3763.7284356, 73739.1594065, 2.7891676, 0.1464741, 5.0000000, 0.0000000
147.0928406, 3763.2517841, 73739.3114558, 2.8629581, 0.1309776, 5.0000000, 0.0000000
147.5931564, 3762.7673435, 73739.4343524, 2.9202190, 0.1205926, 5.0000000, 0.0000000
148.0934722, 3762.2767993, 73739.5308881, 2.9835178, 0.1377565, 5.0000000, 0.0000000
148.5937880, 3761.7801944, 73739.5917087, 3.0580531, 0.1409748, 5.0000000, 0.0000000
149.0941038, 3761.2807353, 73739.6142930, 3.1245540, 0.1228430, 5.0000000, 0.0000000
149.5944195, 3760.7809625, 73739.6087359, -3.1023180, 0.1306990, 5.0000000, 0.0000000
150.0947353, 3760.2817827, 73739.5750393, -3.0278334, 0.1474315, 5.0000000, 0.0000000
150.5950511, 3759.7879256, 73739.4952790, -2.9548561, 0.1258667, 5.0000000, 0.0000000
151.0953669, 3759.2994976, 73739.3894485, -2.9019027, 0.1413598, 5.0000000, 0.0000000
151.5956827, 3758.8169256, 73739.2579782, -2.8132280, 0.1953379, 5.0000000, 0.0000000
152.0959985, 3758.3553787, 73739.0677884, -2.7070703, 0.1503046, 5.0000000, 0.0000000
152.5963143, 3757.9111580, 73738.8376060, -2.6628948, 0.0455814, 5.0000000, 0.0000000
153.0966300, 3757.4672233, 73738.6068740, -2.6613545, 0.0026058, 5.0000000, 0.0000000
153.5969458, 3757.0237139, 73738.3753243, -2.6602874, 0.0030144, 5.0000000, 0.0000000
154.0972616, 3756.5802721, 73738.1436452, -2.6583382, 0.0038608, 5.0000000, 0.0000000
154.5975774, 3756.1376689, 73737.9103683, -2.6564242, 0.0020234, 5.0000000, 0.0000000
155.0978932, 3755.6951172, 73737.6769934, -2.6563135, 0.0001106, 5.0000000, 0.0000000
155.5982090, 3755.2525655, 73737.4436184, -2.6563135, -0.0050119, 5.0000000, 0.0000000
156.0985247, 3754.8100137, 73737.2102435, -2.6613287, -0.0115240, 5.0000000, 0.0000000
156.5988405, 3754.3651502, 73736.9813226, -2.6678445, -0.0080111, 5.0000000, 0.0000000
157.0991563, 3753.9195949, 73736.7537344, -2.6693449, -0.0014995, 5.0000000, 0.0000000
157.5994721, 3753.4740397, 73736.5261462, -2.6693449, 0.0025022, 5.0000000, 0.0000000
158.0997879, 3753.0284844, 73736.2985580, -2.6668411, 0.0062115, 5.0000000, 0.0000000
158.6001037, 3752.5840771, 73736.0687428, -2.6631295, 0.0049162, 5.0000000, 0.0000000
159.1004195, 3752.1402235, 73735.8378535, -2.6619218, 0.0012070, 5.0000000, 0.0000000
159.6007352, 3751.6963699, 73735.6069641, -2.6619218, -0.0000000, 5.0000000, 0.0000000
160.1010510, 3751.2525164, 73735.3760748, -2.6619218, -0.0000000, 5.0000000, 0.0000000
160.6013668, 3750.8086628, 73735.1451854, -2.6619218, -0.0000000, 5.0000000, 0.0000000
161.1016826, 3750.3648092, 73734.9142961, -2.6619218, 0.0002038, 5.0000000, 0.0000000
161.6019984, 3749.9209557, 73734.6834067, -2.6617178, 0.0030853, 5.0000000, 0.0000000
162.1023142, 3749.4771968, 73734.4523366, -2.6588345, 0.0055591, 5.0000000, 0.0000000
162.6026299, 3749.0346820, 73734.2188916, -2.6561552, 0.0026776, 5.0000000, 0.0000000
163.1029457, 3748.5921673, 73733.9854466, -2.6561552, 0.0000000, 5.0000000, 0.0000000
163.6032615, 3748.1496525, 73733.7520016, -2.6561552, 0.0000000, 5.0000000, 0.0000000
164.1035773, 3747.7071377, 73733.5185566, -2.6561552, -0.0000000, 5.0000000, 0.0000000
164.6038931, 3747.2646230, 73733.2851116, -2.6561552, 0.0000000, 5.0000000, 0.0000000
165.1042089, 3746.8221082, 73733.0516666, -2.6561552, -0.0003486, 5.0000000, 0.0000000
165.6045246, 3746.3795935, 73732.8182216, -2.6565040, -0.0026919, 5.0000000, 0.0000000
166.1048404, 3745.9369166, 73732.5850856, -2.6588488, -0.0043382, 5.0000000, 0.0000000
166.6051562, 3745.4933119, 73732.3537184, -2.6608449, -0.0019948, 5.0000000, 0.0000000
167.1054720, 3745.0497072, 73732.1223512, -2.6608449, 0.0000000, 5.0000000, 0.0000000
167.6057878, 3744.6061026, 73731.8909840, -2.6608449, 0.0000000, 5.0000000, 0.0000000
168.1061036, 3744.1624979, 73731.6596168, -2.6608449, 0.0000000, 5.0000000, 0.0000000
168.6064194, 3743.7188932, 73731.4282496, -2.6608449, 0.0000000, 5.0000000, 0.0000000
169.1067351, 3743.2752886, 73731.1968824, -2.6608449, -0.0000000, 5.0000000, 0.0000000
169.6070509, 3742.8316839, 73730.9655152, -2.6608449, 0.0003338, 5.0000000, 0.0000000
170.1073667, 3742.3880792, 73730.7341480, -2.6605108, 0.0022328, 5.0000000, 0.0000000
170.6076825, 3741.9446297, 73730.5024848, -2.6586106, 0.0034643, 5.0000000, 0.0000000
171.1079983, 3741.5019075, 73730.2694334, -2.6570444, 0.0015652, 5.0000000, 0.0000000
171.6083141, 3741.0591853, 73730.0363820, -2.6570444, 0.0000000, 5.0000000, 0.0000000
172.1086298, 3740.6164632, 73729.8033305, -2.6570444, -0.0000000, 5.0000000, 0.0000000
172.6089456, 3740.1737410, 73729.5702791, -2.6570444, -0.0000000, 5.0000000, 0.0000000
173.1092614, 3739.7310188, 73729.3372277, -2.6570444, 0.0000000, 5.0000000, 0.0000000
173.6095772, 3739.2882967, 73729.1041763, -2.6570444, 0.0000000, 5.0000000, 0.0000000
174.1098930, 3738.8455745, 73728.8711249, -2.6570444, -0.0065224, 5.0000000, 0.0000000
174.6102088, 3738.4028523, 73728.6380734, -2.6635714, -0.0170653, 5.0000000, 0.0000000
175.1105246, 3737.9571636, 73728.4108406, -2.6741194, -0.0038236, 5.0000000, 0.0000000
175.6108403, 3737.5096481, 73728.1871918, -2.6673971, 0.0174555, 5.0000000, 0.0000000
176.1111561, 3737.0670168, 73727.9539680, -2.6566550, 0.0094316, 5.0000000, 0.0000000
176.6114719, 3736.6243854, 73727.7207442, -2.6579584, -0.0041581, 5.0000000, 0.0000000
177.1117877, 3736.1811493, 73727.4886760, -2.6608157, -0.0044086, 5.0000000, 0.0000000
177.6121035, 3735.7371924, 73727.2579855, -2.6623698, -0.0015531, 5.0000000, 0.0000000
178.1124193, 3735.2932354, 73727.0272950, -2.6623698, -0.0000000, 5.0000000, 0.0000000
178.6127350, 3734.8492784, 73726.7966045, -2.6623698, 0.0000000, 5.0000000, 0.0000000
179.1130508, 3734.4053215, 73726.5659141, -2.6623698, -0.0000000, 5.0000000, 0.0000000
179.6133666, 3733.9613645, 73726.3352236, -2.6623698, -0.0000000, 5.0000000, 0.0000000
180.1136824, 3733.5174075, 73726.1045331, -2.6623698, 0.0000000, 5.0000000, 0.0000000
180.6139982, 3733.0734506, 73725.8738426, -2.6623698, 0.0000000, 5.0000000, 0.0000000
181.1143140, 3732.6294936, 73725.6431521, -2.6623698, -0.0000000, 5.0000000, 0.0000000
181.6146298, 3732.1855366, 73725.4124617, -2.6623698, -0.0000000, 5.0000000, 0.0000000
182.1149455, 3731.7415797, 73725.1817712, -2.6623698, 0.0004935, 5.0000000, 0.0000000
182.6152613, 3731.2976227, 73724.9510807, -2.6618760, 0.0011481, 5.0000000, 0.0000000
183.1155771, 3730.8538938, 73724.7199520, -2.6612210, 0.0008157, 5.0000000, 0.0000000
183.6158929, 3730.4102395, 73724.4886801, -2.6610597, 0.0001611, 5.0000000, 0.0000000
184.1162087, 3729.9665851, 73724.2574082, -2.6610597, 0.0000000, 5.0000000, 0.0000000
184.6165245, 3729.5229307, 73724.0261363, -2.6610597, 0.0000000, 5.0000000, 0.0000000
185.1168402, 3729.0792763, 73723.7948645, -2.6610597, 0.0000000, 5.0000000, 0.0000000
185.6171560, 3728.6356220, 73723.5635926, -2.6610597, 0.0000000, 5.0000000, 0.0000000
186.1174718, 3728.1919676, 73723.3323207, -2.6610597, 0.0000000, 5.0000000, 0.0000000
186.6177876, 3727.7483132, 73723.1010489, -2.6610597, -0.0000000, 5.0000000, 0.0000000
187.1181034, 3727.3046588, 73722.8697770, -2.6610597, -0.0093842, 5.0000000, 0.0000000
187.6184192, 3726.8610045, 73722.6385051, -2.6704509, -0.0239404, 5.0000000, 0.0000000
188.1187349, 3726.4131281, 73722.4156285, -2.6850124, -0.0197185, 5.0000000, 0.0000000
188.6190507, 3725.9629277, 73722.1973727, -2.6901813, -0.0009015, 5.0000000, 0.0000000
189.1193665, 3725.5127274, 73721.9791170, -2.6859145, 0.0181794, 5.0000000, 0.0000000
189.6196823, 3725.0644430, 73721.7570456, -2.6719906, 0.0235679, 5.0000000, 0.0000000
190.1199981, 3724.6204942, 73721.5263395, -2.6623346, -0.0126618, 5.0000000, 0.0000000
190.6203139, 3724.1765453, 73721.2956334, -2.6847031, -0.1079864, 5.0000000, 0.0000000
191.1206297, 3723.7241780, 73721.0857277, -2.7704192, -0.1264421, 5.0000000, 0.0000000
191.6209454, 3723.2476169, 73720.9340818, -2.8105548, -0.0886610, 5.0000000, 0.0000000
192.1212612, 3722.7783220, 73720.7606513, -2.8594980, -0.2522229, 5.0000000, 0.0000000
192.6215770, 3722.2916801, 73720.6570287, -3.0647684, -0.3307416, 5.0000000, 0.0000000
193.1218928, 3721.7955446, 73720.6850013, 3.0992733, -0.2209289, 5.0000000, 0.0000000
193.6222086, 3721.2958600, 73720.6991964, 2.9960474, -0.2818691, 5.0000000, 0.0000000
194.1225244, 3720.8130742, 73720.8290136, 2.8194877, -0.3056531, 5.0000000, 0.0000000
194.6228401, 3720.3496016, 73721.0149885, 2.6889775, -0.2018570, 5.0000000, 0.0000000
195.1231559, 3719.9164237, 73721.2650408, 2.6177871, -0.1975020, 5.0000000, 0.0000000
195.6234717, 3719.4871689, 73721.5131521, 2.4909647, -0.1722877, 5.0000000, 0.0000000
196.1237875, 3719.1300896, 73721.8635950, 2.4485036, 0.0154864, 5.0000000, 0.0000000
196.6241033, 3718.7209224, 73722.1495525, 2.5060852, -0.0521471, 5.0000000, 0.0000000
197.1244191, 3718.3286271, 73722.4547409, 2.3961439, -0.2460623, 5.0000000, 0.0000000
197.6247349, 3717.9906764, 73722.8236653, 2.2618300, -0.1978988, 5.0000000, 0.0000000
198.1250506, 3717.6919913, 73723.2244843, 2.1974082, -0.0948162, 5.0000000, 0.0000000
198.6253664, 3717.4042299, 73723.6337435, 2.1668811, -0.0925320, 5.0000000, 0.0000000
199.1256822, 3717.1305683, 73724.0520482, 2.1047578, -0.1188412, 5.0000000, 0.0000000
199.6259980, 3716.8958612, 73724.4935625, 2.0482398, -0.0431428, 5.0000000, 0.0000000
200.1263138, 3716.6710732, 73724.9401919, 2.0615235, 0.0375434, 5.0000000, 0.0000000
200.6266296, 3716.4245822, 73725.3755746, 2.0857730, 0.0179498, 5.0000000, 0.0000000
201.1269453, 3716.1782476, 73725.8110457, 2.0795010, -0.0283435, 5.0000000, 0.0000000
201.6272611, 3715.9372841, 73726.2494022, 2.0574113, -0.0380706, 5.0000000, 0.0000000
202.1275769, 3715.7104205, 73726.6953268, 2.0414184, -0.0159786, 5.0000000, 0.0000000
202.6278927, 3715.4835570, 73727.1412515, 2.0414184, -0.0000000, 5.0000000, 0.0000000
203.1282085, 3715.2566934, 73727.5871761, 2.0414184, -0.0000000, 5.0000000, 0.0000000
203.6285243, 3715.0298298, 73728.0331008, 2.0414184, -0.0000000, 5.0000000, 0.0000000
204.1288401, 3714.8029662, 73728.4790254, 2.0414184, -0.0051767, 5.0000000, 0.0000000
204.6291558, 3714.5761026, 73728.9249501, 2.0362382, -0.0135124, 5.0000000, 0.0000000
205.1294716, 3714.3538784, 73729.3731865, 2.0278980, -0.0114929, 5.0000000, 0.0000000
205.6297874, 3714.1344841, 73729.8228331, 2.0247382, -0.0031577, 5.0000000, 0.0000000
206.1301032, 3713.9150899, 73730.2724797, 2.0247382, -0.0000000, 5.0000000, 0.0000000
206.6304190, 3713.6956956, 73730.7221262, 2.0247382, 0.0000000, 5.0000000, 0.0000000
207.1307348, 3713.4763014, 73731.1717728, 2.0247382, -0.0000000, 5.0000000, 0.0000000
207.6310505, 3713.2569071, 73731.6214194, 2.0247382, 0.0036945, 5.0000000, 0.0000000
208.1313663, 3713.0375128, 73732.0710660, 2.0284350, 0.0074969, 5.0000000, 0.0000000
208.6316821, 3712.8148002, 73732.5190778, 2.0322397, -0.0014218, 5.0000000, 0.0000000
209.1319979, 3712.5919909, 73732.9670419, 2.0270122, -0.0137338, 5.0000000, 0.0000000
209.6323137, 3712.3739816, 73733.4173428, 2.0184977, -0.0110774, 5.0000000, 0.0000000
210.1326295, 3712.1588324, 73733.8690359, 2.0159279, -0.0009692, 5.0000000, 0.0000000
210.6329452, 3711.9431333, 73734.3204661, 2.0175279, 0.0025891, 5.0000000, 0.0000000
211.1332610, 3711.7265399, 73734.7714685, 2.0185187, 0.0009902, 5.0000000, 0.0000000
211.6335768, 3711.5099464, 73735.2224709, 2.0185187, -0.0000000, 5.0000000, 0.0000000
212.1338926, 3711.2933529, 73735.6734733, 2.0185187, -0.0000000, 5.0000000, 0.0000000
212.6342084, 3711.0767595, 73736.1244757, 2.0185187, -0.0000000, 5.0000000, 0.0000000
213.1345242, 3710.8601660, 73736.5754781, 2.0185187, 0.0023632, 5.0000000, 0.0000000
213.6348400, 3710.6435726, 73737.0264804, 2.0208834, 0.0053406, 5.0000000, 0.0000000
214.1351557, 3710.4248492, 73737.4764521, 2.0238626, 0.0035914, 5.0000000, 0.0000000
214.6354715, 3710.2055724, 73737.9261560, 2.0244770, 0.0006141, 5.0000000, 0.0000000
215.1357873, 3709.9862955, 73738.3758598, 2.0244770, -0.0000000, 5.0000000, 0.0000000
215.6361031, 3709.7670187, 73738.8255637, 2.0244770, 0.0000000, 5.0000000, 0.0000000
216.1364189, 3709.5477419, 73739.2752675, 2.0244770, -0.0138161, 5.0000000, 0.0000000
216.6367347, 3709.3284650, 73739.7249714, 2.0106403, -0.0809521, 5.0000000, 0.0000000
217.1370504, 3709.1220302, 73740.1799016, 1.9434128, -0.1208321, 5.0000000, 0.0000000
217.6373662, 3708.9649681, 73740.6549251, 1.8901215, -0.0533384, 5.0000000, 0.0000000
218.1376820, 3708.8079060, 73741.1299487, 1.8899005, -0.0030067, 5.0000000, 0.0000000
218.6379978, 3708.6510541, 73741.6050411, 1.8871129, -0.0053506, 5.0000000, 0.0000000
219.1383136, 3708.4966427, 73742.0809329, 1.8845465, -0.0111673, 5.0000000, 0.0000000
219.6386294, 3708.3422313, 73742.5568247, 1.8759308, -0.1149213, 5.0000000, 0.0000000
220.1389452, 3708.1962980, 73743.0344957, 1.7689469, -0.2069241, 5.0000000, 0.0000000
220.6392609, 3708.1463674, 73743.5323138, 1.6707610, -0.1067742, 5.0000000, 0.0000000
221.1395767, 3708.0964367, 73744.0301318, 1.6613892, -0.0413213, 5.0000000, 0.0000000
221.6398925, 3708.0558644, 73744.5285872, 1.6294142, -0.0591937, 5.0000000, 0.0000000
222.1402083, 3708.0378428, 73745.0285783, 1.6021821, -0.1420755, 5.0000000, 0.0000000
222.6405241, 3708.0244806, 73745.5281971, 1.4863520, -0.2292601, 5.0000000, 0.0000000
223.1408399, 3708.1216760, 73746.0189811, 1.3752850, -0.1100287, 5.0000000, 0.0000000
223.6411556, 3708.2188714, 73746.5097651, 1.3752850, -0.0465637, 5.0000000, 0.0000000
224.1414714, 3708.3160669, 73747.0005490, 1.3285713, -0.1178826, 5.0000000, 0.0000000
224.6417872, 3708.4583542, 73747.4790315, 1.2576737, -0.1048799, 5.0000000, 0.0000000
225.1421030, 3708.6238566, 73747.9511807, 1.2236829, -0.0856547, 5.0000000, 0.0000000
225.6424188, 3708.7985951, 73748.4195451, 1.1719004, -0.0936783, 5.0000000, 0.0000000
226.1427346, 3709.0120020, 73748.8720640, 1.1301276, -0.0416805, 5.0000000, 0.0000000
226.6430504, 3709.2254089, 73749.3245830, 1.1301276, -0.1686665, 5.0000000, 0.0000000
227.1433661, 3709.4388158, 73749.7771019, 0.9577574, -0.3954191, 5.0000000, 0.0000000
227.6436819, 3709.7919143, 73750.1299050, 0.7440589, -0.2592524, 5.0000000, 0.0000000
228.1439977, 3710.1733128, 73750.4532507, 0.6944793, -0.0581723, 5.0000000, 0.0000000
228.6443135, 3710.5605279, 73750.7700792, 0.6857546, -0.0132252, 5.0000000, 0.0000000
229.1446293, 3710.9477431, 73751.0869078, 0.6812425, -0.0149091, 5.0000000, 0.0000000
229.6449451, 3711.3377808, 73751.4002125, 0.6708365, -0.0563124, 5.0000000, 0.0000000
230.1452608, 3711.7315052, 73751.7089145, 0.6247447, -0.1410506, 5.0000000, 0.0000000
230.6455766, 3712.1469769, 73751.9837208, 0.5300353, -0.1493501, 5.0000000, 0.0000000
231.1458924, 3712.5916892, 73752.2129517, 0.4759380, -0.0538396, 5.0000000, 0.0000000
231.6462082, 3713.0364016, 73752.4421826, 0.4759380, 0.0000000, 5.0000000, 0.0000000
232.1465240, 3713.4811140, 73752.6714134, 0.4759380, 0.0000000, 5.0000000, 0.0000000
232.6468398, 3713.9258263, 73752.9006443, 0.4759380, -0.0000000, 5.0000000, 0.0000000
233.1471555, 3714.3705387, 73753.1298752, 0.4759380, -0.0000000, 5.0000000, 0.0000000
233.6474713, 3714.8152511, 73753.3591061, 0.4759380, 0.0000000, 5.0000000, 0.0000000
234.1477871, 3715.2599634, 73753.5883369, 0.4759380, 0.0000000, 5.0000000, 0.0000000
234.6481029, 3715.7046758, 73753.8175678, 0.4759380, 0.0000000, 5.0000000, 0.0000000
235.1484187, 3716.1493882, 73754.0467987, 0.4759380, -0.0000000, 5.0000000, 0.0000000
235.6487345, 3716.5941006, 73754.2760295, 0.4759380, -0.0000000, 5.0000000, 0.0000000
236.1490503, 3717.0388129, 73754.5052604, 0.4759380, 0.0000000, 5.0000000, 0.0000000
236.6493660, 3717.4835253, 73754.7344913, 0.4759380, 0.0000000, 5.0000000, 0.0000000
237.1496818, 3717.9282377, 73754.9637222, 0.4759380, 0.0000000, 5.0000000, 0.0000000
237.6499976, 3718.3729500, 73755.1929530, 0.4759380, -0.0000000, 5.0000000, 0.0000000
238.1503134, 3718.8176624, 73755.4221839, 0.4759380, 0.0035014, 5.0000000, 0.0000000
238.6506292, 3719.2623748, 73755.6514148, 0.4794417, 0.0075802, 5.0000000, 0.0000000
239.1509450, 3719.7054681, 73755.8837553, 0.4835228, 0.0046557, 5.0000000, 0.0000000
239.6512607, 3720.1482946, 73756.1166084, 0.4841003, 0.0005771, 5.0000000, 0.0000000
240.1515765, 3720.5911212, 73756.3494615, 0.4841003, -0.0000000, 5.0000000, 0.0000000
240.6518923, 3721.0339477, 73756.5823146, 0.4841003, 0.0000000, 5.0000000, 0.0000000
241.1522081, 3721.4767742, 73756.8151677, 0.4841003, 0.0000000, 5.0000000, 0.0000000
241.6525239, 3721.9196007, 73757.0480208, 0.4841003, 0.0000000, 5.0000000, 0.0000000
242.1528397, 3722.3624272, 73757.2808739, 0.4841003, 0.0000000, 5.0000000, 0.0000000
242.6531555, 3722.8052537, 73757.5137270, 0.4841003, -0.0000000, 5.0000000, 0.0000000
243.1534712, 3723.2480802, 73757.7465801, 0.4841003, 0.0000000, 5.0000000, 0.0000000
243.6537870, 3723.6909068, 73757.9794332, 0.4841003, 0.0000000, 5.0000000, 0.0000000
244.1541028, 3724.1337333, 73758.2122863, 0.4841003, 0.0000000, 5.0000000, 0.0000000
244.6544186, 3724.5765598, 73758.4451393, 0.4841003, 0.0000000, 5.0000000, 0.0000000
245.1547344, 3725.0193863, 73758.6779924, 0.4841003, -0.0000000, 5.0000000, 0.0000000
245.6550502, 3725.4622128, 73758.9108455, 0.4841003, -0.0068072, 5.0000000, 0.0000000
246.1553659, 3725.9050393, 73759.1436986, 0.4772859, -0.0721236, 5.0000000, 0.0000000
246.6556817, 3726.3506426, 73759.3703112, 0.4118068, -0.1376228, 5.0000000, 0.0000000
247.1559975, 3726.8200751, 73759.5433689, 0.3399948, -0.1112469, 5.0000000, 0.0000000
247.6563133, 3727.2936265, 73759.7038738, 0.3003191, -0.1186263, 5.0000000, 0.0000000
248.1566291, 3727.7751193, 73759.8391327, 0.2212605, -0.1649732, 5.0000000, 0.0000000
248.6569449, 3728.2683339, 73759.9231277, 0.1353280, -0.1634835, 5.0000000, 0.0000000
249.1572607, 3728.7645618, 73759.9738554, 0.0578367, -0.1094797, 5.0000000, 0.0000000
249.6575764, 3729.2648172, 73759.9808253, 0.0260765, -0.0195231, 5.0000000, 0.0000000
250.1578922, 3729.7647676, 73759.9999432, 0.0382208, -0.1013551, 5.0000000, 0.0000000
250.6582080, 3730.2647180, 73760.0190610, -0.0766778, -0.2447745, 5.0000000, 0.0000000
251.1585238, 3730.7530262, 73759.9240168, -0.2030998, -0.1149587, 5.0000000, 0.0000000
251.6588396, 3731.2415802, 73759.8178867, -0.1924786, -0.0148545, 5.0000000, 0.0000000
252.1591554, 3731.7344037, 73759.7327548, -0.2179702, -0.1927808, 5.0000000, 0.0000000
252.6594711, 3732.2161551, 73759.6020290, -0.3867555, -0.3645637, 5.0000000, 0.0000000
253.1597869, 3732.6529062, 73759.3586788, -0.5792641, -0.3664868, 5.0000000, 0.0000000
253.6601027, 3733.0511577, 73759.0558395, -0.7561922, -0.2852702, 5.0000000, 0.0000000
254.1604185, 3733.3766647, 73758.6760081, -0.8631025, -0.0913781, 5.0000000, 0.0000000
254.6607343, 3733.7015932, 73758.2955645, -0.8484217, -0.0526141, 5.0000000, 0.0000000
255.1610501, 3734.0381594, 73757.9253996, -0.9160849, -0.1622013, 5.0000000, 0.0000000
255.6613658, 3734.3082063, 73757.5053594, -1.0095826, -0.0833004, 5.0000000, 0.0000000
256.1616816, 3734.5701605, 73757.0791288, -0.9998139, 0.0174272, 5.0000000, 0.0000000
256.6619974, 3734.8488867, 73756.6636441, -0.9921387, -0.0319486, 5.0000000, 0.0000000
257.1623132, 3735.1171820, 73756.2417461, -1.0317932, -0.0701590, 5.0000000, 0.0000000
257.6626290, 3735.3621266, 73755.8054916, -1.0622743, -0.0391982, 5.0000000, 0.0000000
258.1629448, 3735.6043655, 73755.3677489, -1.0710412, -0.0144392, 5.0000000, 0.0000000
258.6632606, 3735.8416237, 73754.9272668, -1.0767220, -0.0056769, 5.0000000, 0.0000000
259.1635763, 3736.0788819, 73754.4867848, -1.0767220, 0.0000000, 5.0000000, 0.0000000
259.6638921, 3736.3161401, 73754.0463028, -1.0767220, 0.0000000, 5.0000000, 0.0000000
260.1642079, 3736.5533983, 73753.6058207, -1.0767220, 0.0000000, 5.0000000, 0.0000000
260.6645237, 3736.7906565, 73753.1653387, -1.0767220, 0.0000000, 5.0000000, 0.0000000
261.1648395, 3737.0279147, 73752.7248566, -1.0767220, 0.0000000, 5.0000000, 0.0000000
261.6651553, 3737.2651729, 73752.2843746, -1.0767220, 0.0000000, 5.0000000, 0.0000000
262.1654710, 3737.5024311, 73751.8438926, -1.0767220, 0.0001687, 5.0000000, 0.0000000
262.6657868, 3737.7396893, 73751.4034105, -1.0765532, 0.0026396, 5.0000000, 0.0000000
263.1661026, 3737.9770960, 73750.9630089, -1.0740807, 0.0047732, 5.0000000, 0.0000000
263.6664184, 3738.2165295, 73750.5237055, -1.0717770, 0.0023022, 5.0000000, 0.0000000
264.1667342, 3738.4559630, 73750.0844021, -1.0717770, 0.0000000, 5.0000000, 0.0000000
264.6670500, 3738.6953964, 73749.6450987, -1.0717770, 0.0000000, 5.0000000, 0.0000000
265.1673658, 3738.9348299, 73749.2057953, -1.0717770, 0.0000000, 5.0000000, 0.0000000
265.6676815, 3739.1742634, 73748.7664918, -1.0717770, 0.0000000, 5.0000000, 0.0000000
266.1679973, 3739.4136969, 73748.3271884, -1.0717770, 0.0000000, 5.0000000, 0.0000000
266.6683131, 3739.6531304, 73747.8878850, -1.0717770, 0.0000000, 5.0000000, 0.0000000
267.1686289, 3739.8925638, 73747.4485816, -1.0717770, -0.0078334, 5.0000000, 0.0000000
267.6689447, 3740.1319973, 73747.0092782, -1.0796159, -0.0205724, 5.0000000, 0.0000000
268.1692605, 3740.3644961, 73746.5663090, -1.0923606, -0.0176387, 5.0000000, 0.0000000
268.6695762, 3740.5926559, 73746.1210462, -1.0972653, -0.0049013, 5.0000000, 0.0000000
269.1698920, 3740.8208158, 73745.6757833, -1.0972653, 0.0000000, 5.0000000, 0.0000000
269.6702078, 3741.0489756, 73745.2305205, -1.0972653, -0.0000000, 5.0000000, 0.0000000
270.1705236, 3741.2771354, 73744.7852577, -1.0972653, 0.0000000, 5.0000000, 0.0000000
270.6708394, 3741.5052952, 73744.3399949, -1.0972653, 0.0028545, 5.0000000, 0.0000000
271.1711552, 3741.7334550, 73743.8947321, -1.0944090, 0.0113893, 5.0000000, 0.0000000
271.6714710, 3741.9641473, 73743.4507943, -1.0858689, 0.0142151, 5.0000000, 0.0000000
272.1717867, 3742.1998785, 73743.0094932, -1.0801855, 0.0056796, 5.0000000, 0.0000000
272.6721025, 3742.4356096, 73742.5681920, -1.0801855, -0.0000000, 5.0000000, 0.0000000
273.1724183, 3742.6713408, 73742.1268909, -1.0801855, 0.0000000, 5.0000000, 0.0000000
273.6727341, 3742.9070720, 73741.6855897, -1.0801855, 0.0000000, 5.0000000, 0.0000000
274.1730499, 3743.1428031, 73741.2442886, -1.0801855, 0.0040090, 5.0000000, 0.0000000
274.6733657, 3743.3785343, 73740.8029875, -1.0761737, 0.0102925, 5.0000000, 0.0000000
275.1736814, 3743.6177752, 73740.3636354, -1.0698870, 0.0312348, 5.0000000, 0.0000000
275.6739972, 3743.8590090, 73739.9253823, -1.0449100, 0.1081182, 5.0000000, 0.0000000
276.1743130, 3744.1198112, 73739.4986590, -0.9615021, 0.0944619, 5.0000000, 0.0000000
276.6746288, 3744.4302248, 73739.1068676, -0.9506877, 0.0728356, 5.0000000, 0.0000000
277.1749446, 3744.6994960, 73738.6868586, -0.8885129, 0.1809656, 5.0000000, 0.0000000
277.6752604, 3745.0561915, 73738.3363949, -0.7714657, 0.2812304, 5.0000000, 0.0000000
278.1755761, 3745.4137687, 73737.9922169, -0.6047446, 0.3358433, 5.0000000, 0.0000000
278.6758919, 3745.8654692, 73737.7770830, -0.4444885, 0.1779075, 5.0000000, 0.0000000
279.1762077, 3746.3171696, 73737.5619492, -0.4230579, 0.3037713, 5.0000000, 0.0000000
279.6765235, 3746.7656343, 73737.3717878, -0.1306142, 0.5980288, 5.0000000, 0.0000000
280.1768393, 3747.2615639, 73737.4378915, 0.1301966, 0.2435420, 5.0000000, 0.0000000
280.6771551, 3747.7575842, 73737.5016711, 0.1283005, 0.0890104, 5.0000000, 0.0000000
281.1774709, 3748.2409012, 73737.5642349, 0.2190733, 0.1468316, 5.0000000, 0.0000000
281.6777866, 3748.7125737, 73737.7142962, 0.2707397, 0.1108739, 5.0000000, 0.0000000
282.1781024, 3749.1931866, 73737.8285462, 0.3291399, 0.0884717, 5.0000000, 0.0000000
282.6784182, 3749.6491323, 73738.0341910, 0.3581733, 0.0136884, 5.0000000, 0.0000000
283.1787340, 3750.1278948, 73738.1784250, 0.3430628, 0.0628625, 5.0000000, 0.0000000
283.6790498, 3750.5899239, 73738.3702292, 0.4210390, 0.1223790, 5.0000000, 0.0000000
284.1793656, 3751.0396297, 73738.5867175, 0.4654005, 0.0553987, 5.0000000, 0.0000000
284.6796813, 3751.4828237, 73738.8186373, 0.4764001, 0.0060520, 5.0000000, 0.0000000
285.1799971, 3751.9287295, 73739.0455319, 0.4714711, -0.0041491, 5.0000000, 0.0000000
285.6803129, 3752.3742847, 73739.2731201, 0.4722477, 0.0007762, 5.0000000, 0.0000000
286.1806287, 3752.8198400, 73739.5007083, 0.4722477, 0.0062208, 5.0000000, 0.0000000
286.6809445, 3753.2653953, 73739.7282965, 0.4784727, 0.0148114, 5.0000000, 0.0000000
287.1812603, 3753.7080695, 73739.9614073, 0.4870678, 0.0109580, 5.0000000, 0.0000000
287.6815761, 3754.1496469, 73740.1966206, 0.4894376, 0.0023683, 5.0000000, 0.0000000
288.1818918, 3754.5912243, 73740.4318338, 0.4894376, -0.0032963, 5.0000000, 0.0000000
288.6822076, 3755.0328017, 73740.6670471, 0.4861391, -0.0078814, 5.0000000, 0.0000000
289.1825234, 3755.4759174, 73740.8993402, 0.4815513, -0.0056760, 5.0000000, 0.0000000
289.6828392, 3755.9196344, 73741.1304919, 0.4804596, -0.0006426, 5.0000000, 0.0000000
290.1831550, 3756.3632600, 73741.3618189, 0.4809083, 0.0006831, 5.0000000, 0.0000000
290.6834708, 3756.8067694, 73741.5933686, 0.4811431, 0.0001503, 5.0000000, 0.0000000
291.1837865, 3757.2502864, 73741.8249040, 0.4810587, -0.0001526, 5.0000000, 0.0000000
291.6841023, 3757.6938349, 73742.0563788, 0.4809904, -0.0000682, 5.0000000, 0.0000000
292.1844181, 3758.1373834, 73742.2878536, 0.4809904, 0.0000000, 5.0000000, 0.0000000
292.6847339, 3758.5809319, 73742.5193285, 0.4809904, 0.0000000, 5.0000000, 0.0000000
293.1850497, 3759.0244804, 73742.7508033, 0.4809904, -0.0000000, 5.0000000, 0.0000000
293.6853655, 3759.4680290, 73742.9822781, 0.4809904, -0.0000000, 5.0000000, 0.0000000
294.1856813, 3759.9115775, 73743.2137529, 0.4809904, 0.0010992, 5.0000000, 0.0000000
294.6859970, 3760.3551260, 73743.4452278, 0.4820903, 0.0008380, 5.0000000, 0.0000000
295.1863128, 3760.7981638, 73743.6776775, 0.4818290, -0.0016216, 5.0000000, 0.0000000
295.6866286, 3761.2418332, 73743.9089205, 0.4804677, -0.0013604, 5.0000000, 0.0000000
296.1869444, 3761.6855027, 73744.1401634, 0.4804677, 0.0000000, 5.0000000, 0.0000000
296.6872602, 3762.1291721, 73744.3714064, 0.4804677, 0.0000000, 5.0000000, 0.0000000
297.1875760, 3762.5728416, 73744.6026493, 0.4804677, 0.0000000, 5.0000000, 0.0000000
297.6878917, 3763.0165110, 73744.8338923, 0.4804677, -0.0000000, 5.0000000, 0.0000000
298.1882075, 3763.4601804, 73745.0651353, 0.4804677, -0.0000000, 5.0000000, 0.0000000
298.6885233, 3763.9038499, 73745.2963782, 0.4804677, 0.0000000, 5.0000000, 0.0000000
299.1888391, 3764.3475193, 73745.5276212, 0.4804677, 0.0000000, 5.0000000, 0.0000000
299.6891549, 3764.7911888, 73745.7588641, 0.4804677, 0.0000000, 5.0000000, 0.0000000
300.1894707, 3765.2348582, 73745.9901071, 0.4804677, 0.0000000, 5.0000000, 0.0000000
300.6897864, 3765.6785277, 73746.2213501, 0.4804677, -0.0000000, 5.0000000, 0.0000000
301.1901022, 3766.1221971, 73746.4525930, 0.4804677, -0.0000000, 5.0000000, 0.0000000
301.6904180, 3766.5658666, 73746.6838360, 0.4804677, -0.0000000, 5.0000000, 0.0000000
302.1907338, 3767.0095360, 73746.9150789, 0.4804677, 0.0000946, 5.0000000, 0.0000000
302.6910496, 3767.4532055, 73747.1463219, 0.4805624, 0.0003641, 5.0000000, 0.0000000
303.1913654, 3767.8968311, 73747.3776488, 0.4808321, 0.0004445, 5.0000000, 0.0000000
303.6916812, 3768.3403758, 73747.6091311, 0.4810071, 0.0001749, 5.0000000, 0.0000000
304.1919969, 3768.7839204, 73747.8406133, 0.4810071, 0.0000000, 5.0000000, 0.0000000
304.6923127, 3769.2274651, 73748.0720955, 0.4810071, 0.0000000, 5.0000000, 0.0000000
305.1926285, 3769.6710097, 73748.3035778, 0.4810071, 0.0000000, 5.0000000, 0.0000000
305.6929443, 3770.1145544, 73748.5350600, 0.4810071, -0.0000000, 5.0000000, 0.0000000
306.1932601, 3770.5580990, 73748.7665423, 0.4810071, -0.0000761, 5.0000000, 0.0000000
306.6935759, 3771.0016437, 73748.9980245, 0.4809310, -0.0002455, 5.0000000, 0.0000000
307.1938916, 3771.4452236, 73749.2294392, 0.4807614, -0.0002606, 5.0000000, 0.0000000
307.6942074, 3771.8888467, 73749.4607710, 0.4806702, -0.0000854, 5.0000000, 0.0000000
308.1945232, 3772.3324688, 73749.6921047, 0.4806760, 0.0003780, 5.0000000, 0.0000000
308.6948390, 3772.7760893, 73749.9234417, 0.4810485, 0.0011230, 5.0000000, 0.0000000
309.1951548, 3773.2195375, 73750.1551051, 0.4817997, 0.0005287, 5.0000000, 0.0000000
309.6954706, 3773.6628078, 73750.3871072, 0.4815776, -0.0008261, 5.0000000, 0.0000000
310.1957864, 3774.1063603, 73750.6185744, 0.4809731, -0.0006040, 5.0000000, 0.0000000
310.6961021, 3774.5499128, 73750.8500415, 0.4809731, 0.0000283, 5.0000000, 0.0000000
311.1964179, 3774.9934653, 73751.0815087, 0.4810015, 0.0001110, 5.0000000, 0.0000000
311.6967337, 3775.4370047, 73751.3130010, 0.4810842, 0.0001371, 5.0000000, 0.0000000
312.1970495, 3775.8805189, 73751.5445415, 0.4811387, 0.0000544, 5.0000000, 0.0000000
312.6973653, 3776.3240331, 73751.7760821, 0.4811387, 0.0000000, 5.0000000, 0.0000000
313.1976811, 3776.7675473, 73752.0076227, 0.4811387, -0.0000000, 5.0000000, 0.0000000
313.6979968, 3777.2110615, 73752.2391633, 0.4811387, -0.0000549, 5.0000000, 0.0000000
314.1983126, 3777.6545757, 73752.4707039, 0.4810837, -0.0001426, 5.0000000, 0.0000000
314.6986284, 3778.0981154, 73752.7021957, 0.4809960, -0.0001205, 5.0000000, 0.0000000
315.1989442, 3778.5416702, 73752.9336584, 0.4809631, -0.0000328, 5.0000000, 0.0000000
315.6992600, 3778.9852250, 73753.1651212, 0.4809631, 0.0000253, 5.0000000, 0.0000000
316.1995758, 3779.4287799, 73753.3965839, 0.4809885, 0.0002761, 5.0000000, 0.0000000
316.6998916, 3779.8723230, 73753.6280691, 0.4812394, 0.0004762, 5.0000000, 0.0000000
317.2002073, 3780.3157616, 73753.8597544, 0.4814650, 0.0002254, 5.0000000, 0.0000000
317.7005231, 3780.7592002, 73754.0914396, 0.4814650, 0.0000000, 5.0000000, 0.0000000
318.2008389, 3781.2026388, 73754.3231249, 0.4814650, 0.0000000, 5.0000000, 0.0000000
318.7011547, 3781.6460775, 73754.5548102, 0.4814650, -0.0000517, 5.0000000, 0.0000000
319.2014705, 3782.0895161, 73754.7864955, 0.4814132, -0.0003501, 5.0000000, 0.0000000
319.7017863, 3782.5329787, 73755.0181348, 0.4811146, -0.0005450, 5.0000000, 0.0000000
320.2021020, 3782.9765556, 73755.2495552, 0.4808678, -0.0002466, 5.0000000, 0.0000000
320.7024178, 3783.4201325, 73755.4809757, 0.4808678, -0.0000000, 5.0000000, 0.0000000
321.2027336, 3783.8637094, 73755.7123961, 0.4808678, 0.0000467, 5.0000000, 0.0000000
321.7030494, 3784.3072863, 73755.9438165, 0.4809145, 0.0002437, 5.0000000, 0.0000000
322.2033652, 3784.7508416, 73756.1752784, 0.4811117, 0.0003475, 5.0000000, 0.0000000
322.7036810, 3785.1943272, 73756.4068737, 0.4812622, 0.0001504, 5.0000000, 0.0000000
323.2039967, 3785.6378128, 73756.6384691, 0.4812622, 0.0000000, 5.0000000, 0.0000000
323.7043125, 3786.0812984, 73756.8700645, 0.4812622, -0.0000000, 5.0000000, 0.0000000
324.2046283, 3786.5247840, 73757.1016598, 0.4812622, 0.0000245, 5.0000000, 0.0000000
324.7049441, 3786.9682696, 73757.3332552, 0.4812867, 0.0001043, 5.0000000, 0.0000000
325.2052599, 3787.4117438, 73757.5648723, 0.4813666, 0.0001352, 5.0000000, 0.0000000
325.7055757, 3787.8551924, 73757.7965385, 0.4814220, 0.0000553, 5.0000000, 0.0000000
326.2058915, 3788.2986410, 73758.0282047, 0.4814220, -0.0000000, 5.0000000, 0.0000000
326.7062072, 3788.7420896, 73758.2598709, 0.4814220, 0.0000531, 5.0000000, 0.0000000
327.2065230, 3789.1855382, 73758.4915371, 0.4814751, -0.0000937, 5.0000000, 0.0000000
327.7068388, 3789.6289621, 73758.7232505, 0.4813282, -0.0005908, 5.0000000, 0.0000000
328.2071546, 3790.0724787, 73758.9547863, 0.4808840, -0.0006879, 5.0000000, 0.0000000
328.7074704, 3790.5161083, 73759.1861056, 0.4806398, -0.0002440, 5.0000000, 0.0000000
329.2077862, 3790.9597380, 73759.4174250, 0.4806398, -0.0000000, 5.0000000, 0.0000000
329.7081019, 3791.4033676, 73759.6487443, 0.4806398, 0.0002072, 5.0000000, 0.0000000
330.2084177, 3791.8469973, 73759.8800636, 0.4808472, 0.0005545, 5.0000000, 0.0000000
330.7087335, 3792.2905309, 73760.1115668, 0.4811947, 0.0004875, 5.0000000, 0.0000000
331.2090493, 3792.7339997, 73760.3431944, 0.4813350, 0.0001402, 5.0000000, 0.0000000
331.7093651, 3793.1774684, 73760.5748221, 0.4813350, 0.0000000, 5.0000000, 0.0000000
332.2096809, 3793.6209372, 73760.8064497, 0.4813350, 0.0000000, 5.0000000, 0.0000000
332.7099967, 3794.0644059, 73761.0380773, 0.4813350, -0.0000000, 5.0000000, 0.0000000
333.2103124, 3794.5078746, 73761.2697050, 0.4813350, 0.0000023, 5.0000000, 0.0000000
333.7106282, 3794.9513434, 73761.5013326, 0.4813373, 0.0000074, 5.0000000, 0.0000000
334.2109440, 3795.3948110, 73761.7329623, 0.4813424, 0.0000079, 5.0000000, 0.0000000
334.7112598, 3795.8382774, 73761.9645945, 0.4813452, 0.0000028, 5.0000000, 0.0000000
335.2115756, 3796.2817438, 73762.1962266, 0.4813452, -0.0000000, 5.0000000, 0.0000000
335.7118914, 3796.7252102, 73762.4278588, 0.4813452, 0.0000315, 5.0000000, 0.0000000
336.2122071, 3797.1686765, 73762.6594909, 0.4813767, 0.0001044, 5.0000000, 0.0000000
336.7125229, 3797.6121283, 73762.8911510, 0.4814497, 0.0001143, 5.0000000, 0.0000000
337.2128387, 3798.0555609, 73763.1228479, 0.4814911, 0.0000414, 5.0000000, 0.0000000
337.7131545, 3798.4989935, 73763.3545448, 0.4814911, -0.0000000, 5.0000000, 0.0000000
338.2134703, 3798.9424260, 73763.5862416, 0.4814911, -0.0000000, 5.0000000, 0.0000000
338.7137861, 3799.3858586, 73763.8179385, 0.4814911, -0.0000000, 5.0000000, 0.0000000
339.2141019, 3799.8292912, 73764.0496354, 0.4814911, -0.0001009, 5.0000000, 0.0000000
339.7144176, 3800.2727237, 73764.2813323, 0.4813901, -0.0004453, 5.0000000, 0.0000000
340.2147334, 3800.7162031, 73764.5129395, 0.4810456, -0.0005877, 5.0000000, 0.0000000
340.7150492, 3801.1597952, 73764.7443308, 0.4808020, -0.0002434, 5.0000000, 0.0000000
341.2153650, 3801.6033873, 73764.9757221, 0.4808020, 0.0000000, 5.0000000, 0.0000000
341.7156808, 3802.0469794, 73765.2071133, 0.4808020, -0.0001138, 5.0000000, 0.0000000
342.2159966, 3802.4905716, 73765.4385046, 0.4806882, -0.0000547, 5.0000000, 0.0000000
342.7163123, 3802.9342163, 73765.6697948, 0.4807473, 0.0004905, 5.0000000, 0.0000000
343.2166281, 3803.3777810, 73765.9012385, 0.4811790, 0.0006901, 5.0000000, 0.0000000
343.7169439, 3803.8212259, 73766.1329117, 0.4814379, 0.0002587, 5.0000000, 0.0000000
344.2172597, 3804.2646708, 73766.3645850, 0.4814379, -0.0000000, 5.0000000, 0.0000000
344.7175755, 3804.7081157, 73766.5962582, 0.4814379, -0.0000000, 5.0000000, 0.0000000
345.2178913, 3805.1515606, 73766.8279315, 0.4814379, -0.0000616, 5.0000000, 0.0000000
345.7182070, 3805.5950055, 73767.0596048, 0.4813762, -0.0003677, 5.0000000, 0.0000000
346.2185228, 3806.0384790, 73767.2912233, 0.4810699, -0.0005505, 5.0000000, 0.0000000
346.7188386, 3806.4820657, 73767.5226249, 0.4808253, -0.0002445, 5.0000000, 0.0000000
347.2191544, 3806.9256525, 73767.7540265, 0.4808253, 0.0000000, 5.0000000, 0.0000000
347.7194702, 3807.3692392, 73767.9854281, 0.4808253, 0.0000591, 5.0000000, 0.0000000
348.2197860, 3807.8128259, 73768.2168297, 0.4808844, 0.0003883, 5.0000000, 0.0000000
348.7201018, 3808.2563853, 73768.4482837, 0.4812138, 0.0005993, 5.0000000, 0.0000000
349.2204175, 3808.6998195, 73768.6799775, 0.4814841, 0.0002701, 5.0000000, 0.0000000
349.7207333, 3809.1432536, 73768.9116713, 0.4814841, -0.0000000, 5.0000000, 0.0000000
350.2210491, 3809.5866878, 73769.1433651, 0.4814841, -0.0000055, 5.0000000, 0.0000000
350.7213649, 3810.0301220, 73769.3750588, 0.4814787, -0.0000287, 5.0000000, 0.0000000
351.2216807, 3810.4735587, 73769.6067478, 0.4814554, -0.0000409, 5.0000000, 0.0000000
351.7219965, 3810.9170037, 73769.8384209, 0.4814377, -0.0000177, 5.0000000, 0.0000000
352.2223122, 3811.3604486, 73770.0700941, 0.4814377, 0.0000000, 5.0000000, 0.0000000
352.7226280, 3811.8038936, 73770.3017673, 0.4814377, 0.0000000, 5.0000000, 0.0000000
353.2229438, 3812.2473385, 73770.5334405, 0.4814377, 0.0000000, 5.0000000, 0.0000000
353.7232596, 3812.6907835, 73770.7651137, 0.4814377, -0.0003130, 5.0000000, 0.0000000
354.2235754, 3813.1342284, 73770.9967869, 0.4811245, -0.0006952, 5.0000000, 0.0000000
354.7238912, 3813.5778184, 73771.2281822, 0.4807420, -0.0004515, 5.0000000, 0.0000000
355.2242070, 3814.0214404, 73771.4595161, 0.4806727, -0.0000692, 5.0000000, 0.0000000
355.7245227, 3814.4650624, 73771.6908500, 0.4806727, 0.0001304, 5.0000000, 0.0000000
356.2248385, 3814.9086845, 73771.9221839, 0.4808032, 0.0006097, 5.0000000, 0.0000000
356.7251543, 3815.3522461, 73772.1536336, 0.4812828, 0.0008283, 5.0000000, 0.0000000
357.2254701, 3815.7956460, 73772.3853929, 0.4816320, 0.0003490, 5.0000000, 0.0000000
357.7257859, 3816.2390459, 73772.6171523, 0.4816320, -0.0000000, 5.0000000, 0.0000000
358.2261017, 3816.6824458, 73772.8489116, 0.4816320, -0.0000000, 5.0000000, 0.0000000
358.7264174, 3817.1258457, 73773.0806710, 0.4816320, 0.0000000, 5.0000000, 0.0000000
359.2267332, 3817.5692456, 73773.3124304, 0.4816320, -0.0000391, 5.0000000, 0.0000000
359.7270490, 3818.0126456, 73773.5441897, 0.4815929, -0.0000847, 5.0000000, 0.0000000
360.2273648, 3818.4560636, 73773.7759144, 0.4815473, -0.0000521, 5.0000000, 0.0000000
360.7276806, 3818.8994847, 73774.0076333, 0.4815408, -0.0000065, 5.0000000, 0.0000000
361.2279964, 3819.3429057, 73774.2393522, 0.4815408, -0.0003104, 5.0000000, 0.0000000
361.7283122, 3819.7863268, 73774.4710711, 0.4812301, -0.0186376, 5.0000000, 0.0000000
362.2286279, 3820.2298915, 73774.7025143, 0.4628815, -0.0647821, 5.0000000, 0.0000000
362.7289437, 3820.6812264, 73774.9176642, 0.4164136, -0.0943018, 5.0000000, 0.0000000
363.2292595, 3821.1442509, 73775.1069152, 0.3685979, -0.0899746, 5.0000000, 0.0000000
363.7295753, 3821.6142171, 73775.2780328, 0.3263757, -0.0889972, 5.0000000, 0.0000000
364.2298911, 3822.0916300, 73775.4275844, 0.2795468, -0.0960729, 5.0000000, 0.0000000
364.7302069, 3822.5754045, 73775.5539548, 0.2302717, -0.1041795, 5.0000000, 0.0000000
365.2305226, 3823.0652155, 73775.6558220, 0.1753190, -0.1045311, 5.0000000, 0.0000000
365.7308384, 3823.5599830, 73775.7283607, 0.1257198, -0.1044022, 5.0000000, 0.0000000
366.2311542, 3824.0574948, 73775.7812326, 0.0708218, -0.1065211, 5.0000000, 0.0000000
366.7314700, 3824.5573617, 73775.7991152, 0.0191951, -0.1053074, 5.0000000, 0.0000000
367.2317858, 3825.0575633, 73775.8004314, -0.0346050, -0.1093798, 5.0000000, 0.0000000
367.7321016, 3825.5565513, 73775.7645244, -0.0901695, -0.1048701, 5.0000000, 0.0000000
368.2324173, 3826.0536752, 73775.7103682, -0.1395785, -0.1019356, 5.0000000, 0.0000000
368.7327331, 3826.5467020, 73775.6254160, -0.1921136, -0.1027072, 5.0000000, 0.0000000
369.2330489, 3827.0353080, 73775.5194283, -0.2423518, -0.1052983, 5.0000000, 0.0000000
369.7333647, 3827.5173252, 73775.3854675, -0.2974294, -0.1043952, 5.0000000, 0.0000000
370.2336805, 3827.9913458, 73775.2263818, -0.3467895, -0.1036022, 5.0000000, 0.0000000
370.7339963, 3828.4578326, 73775.0455734, -0.4010954, -0.1038842, 5.0000000, 0.0000000
371.2343121, 3828.9118823, 73774.8359960, -0.4506849, -0.1046049, 5.0000000, 0.0000000
371.7346278, 3829.3581914, 73774.6098897, -0.5058089, -0.1084033, 5.0000000, 0.0000000
372.2349436, 3829.7865646, 73774.3515365, -0.5590900, -0.1053808, 5.0000000, 0.0000000
372.7352594, 3830.2061460, 73774.0793393, -0.6113097, -0.1061900, 5.0000000, 0.0000000
373.2355752, 3830.6052885, 73773.7777174, -0.6652635, -0.1030723, 5.0000000, 0.0000000
373.7358910, 3830.9930197, 73773.4619790, -0.7144793, -0.1031471, 5.0000000, 0.0000000
374.2362068, 3831.3605923, 73773.1226067, -0.7684126, -0.1034669, 5.0000000, 0.0000000
374.7365225, 3831.7120444, 73772.7669746, -0.8180086, -0.1035435, 5.0000000, 0.0000000
375.2368383, 3832.0442171, 73772.3928755, -0.8719894, -0.1038632, 5.0000000, 0.0000000
375.7371541, 3832.3553154, 73772.0014046, -0.9219076, -0.0862588, 5.0000000, 0.0000000
376.2374699, 3832.6485698, 73771.5960519, -0.9582751, -0.0605140, 5.0000000, 0.0000000
376.7377857, 3832.9305495, 73771.1827738, -0.9824786, -0.0839007, 5.0000000, 0.0000000
